{"started_at": 1779283183.0418031, "ended_at": 1779284530.2264287, "config": {"models": ["qwen06b_lf_999_lit5"], "save_topn": 20, "bm25_retrieve_k": 50, "n_questions": 340}, "per_model": {"qwen06b_lf_999_lit5": {"aggregate": {"ndcg_at": {"1": 0.9494, "5": 0.9188, "10": 0.8943, "20": 0.8658}, "mrr_at": {"1": 0.9494, "5": 0.9675, "10": 0.9678, "20": 0.968}, "p_at": {"1": 0.9494, "5": 0.7583, "10": 0.6714, "20": 0.5543}, "r_at": {"1": 0.2194, "5": 0.389, "10": 0.5125, "20": 0.6545}, "map_at": {"1": 0.2194, "5": 0.3803, "10": 0.4901, "20": 0.6117}}, "elapsed_s": 1347.2, "run_id": "qwen06b_lf_999_lit5_20260520T134210Z"}}, "saved_run_ids": ["qwen06b_lf_999_lit5_20260520T134210Z"]}